-- phpMyAdmin SQL Dump
-- version 5.2.1
-- https://www.phpmyadmin.net/
--
-- Máy chủ: localhost
-- Thời gian đã tạo: Th8 08, 2023 lúc 02:18 PM
-- Phiên bản máy phục vụ: 10.4.28-MariaDB
-- Phiên bản PHP: 8.0.28

SET SQL_MODE = "NO_AUTO_VALUE_ON_ZERO";
START TRANSACTION;
SET time_zone = "+00:00";


/*!40101 SET @OLD_CHARACTER_SET_CLIENT=@@CHARACTER_SET_CLIENT */;
/*!40101 SET @OLD_CHARACTER_SET_RESULTS=@@CHARACTER_SET_RESULTS */;
/*!40101 SET @OLD_COLLATION_CONNECTION=@@COLLATION_CONNECTION */;
/*!40101 SET NAMES utf8mb4 */;

--
-- Cơ sở dữ liệu: `duan1_nhom13`
--

-- --------------------------------------------------------

--
-- Cấu trúc bảng cho bảng `categories`
--

CREATE TABLE `categories` (
  `id` int(11) NOT NULL,
  `categories_name` varchar(255) DEFAULT NULL,
  `image` varchar(255) DEFAULT NULL
) ENGINE=InnoDB DEFAULT CHARSET=utf8mb4 COLLATE=utf8mb4_general_ci;

--
-- Đang đổ dữ liệu cho bảng `categories`
--

INSERT INTO `categories` (`id`, `categories_name`, `image`) VALUES
(22, 'LG', 'lg-v60-thinq-600x600-1-600x600.jpg'),
(23, 'Xiaomi', 'xiaomi-12t-glr-xanh-1-1.jpg'),
(24, 'SamSung', 'samsung-galaxy-flip4-glr-tim-1.jpg'),
(27, 'Iphone', 'iphone14-pro-1.jpg');

-- --------------------------------------------------------

--
-- Cấu trúc bảng cho bảng `color`
--

CREATE TABLE `color` (
  `id_color` int(11) NOT NULL,
  `color` varchar(255) DEFAULT NULL
) ENGINE=InnoDB DEFAULT CHARSET=utf8mb4 COLLATE=utf8mb4_general_ci;

--
-- Đang đổ dữ liệu cho bảng `color`
--

INSERT INTO `color` (`id_color`, `color`) VALUES
(1, 'Đỏ'),
(2, 'Vàng');

-- --------------------------------------------------------

--
-- Cấu trúc bảng cho bảng `detail_order`
--

CREATE TABLE `detail_order` (
  `id` int(11) NOT NULL,
  `id_product` int(11) DEFAULT NULL,
  `id_order` int(11) DEFAULT NULL,
  `quanlity` int(11) DEFAULT NULL,
  `size` varchar(20) DEFAULT NULL,
  `color` varchar(20) DEFAULT NULL
) ENGINE=InnoDB DEFAULT CHARSET=utf8mb4 COLLATE=utf8mb4_general_ci;

--
-- Đang đổ dữ liệu cho bảng `detail_order`
--

INSERT INTO `detail_order` (`id`, `id_product`, `id_order`, `quanlity`, `size`, `color`) VALUES
(67, 8, 7081, 1, '2', '1'),
(68, 6, 4646, 1, '2', '1'),
(69, 6, 8639, 2, 'L', 'green'),
(70, 6, 8639, 1, 'XL', 'black'),
(71, 22, 4322, 1, '128g', 'green'),
(72, 23, 4322, 1, '256g', 'pink'),
(73, 22, 7266, 2, '128g', 'green'),
(74, 23, 7266, 1, '256g', 'pink'),
(75, 22, 4384, 5, '64g', 'yellow'),
(76, 22, 7294, 1, '128g', 'black'),
(77, 22, 6760, 3, '128g', 'black'),
(78, 21, 6760, 2, '64g', 'yellow'),
(79, 21, 7125, 4, '128g', 'green'),
(80, 21, 3304, 4, '128g', 'green'),
(81, 22, 3304, 4, '64g', 'black'),
(82, 22, 8848, 2, '128g', 'green'),
(83, 21, 8848, 2, '128g', 'black'),
(84, 22, 5607, 5, '256g', 'pink'),
(85, 21, 8366, 6, '256g', 'pink'),
(86, 21, 1663, 6, '256g', 'pink'),
(87, 22, 1663, 4, '64g', 'yellow'),
(88, 21, 3493, 6, '256g', 'pink'),
(89, 22, 3493, 5, '64g', 'yellow'),
(90, 22, 3061, 1, '128g', 'black'),
(91, 22, 9130, 1, '128g', 'black'),
(92, 22, 9130, 1, '128g', 'green'),
(93, 21, 8906, 1, '128g', 'green'),
(94, 22, 3183, 2, '128g', 'green'),
(95, 22, 9847, 2, '128g', 'green'),
(96, 22, 9640, 2, '128g', 'green'),
(97, 22, 9640, 1, '128g', 'black'),
(98, 22, 1119, 1, '128g', 'green'),
(99, 21, 8585, 1, '128g', 'yellow');

-- --------------------------------------------------------

--
-- Cấu trúc bảng cho bảng `order`
--

CREATE TABLE `order` (
  `id` int(11) NOT NULL,
  `id_user` int(11) DEFAULT NULL,
  `code_cart` varchar(11) NOT NULL,
  `status` tinyint(2) NOT NULL,
  `total` int(11) DEFAULT NULL,
  `time` timestamp COLLATE utf8_bin NOT NULL DEFAULT current_timestamp(),
  `ship_address` varchar(255) DEFAULT NULL,
  `ship_name_user` varchar(255) DEFAULT NULL,
  `ship_phone_user` varchar(255) DEFAULT NULL,
  `pttt` varchar(11) DEFAULT NULL
) ENGINE=InnoDB DEFAULT CHARSET=utf8mb4 COLLATE=utf8mb4_general_ci;

--
-- Đang đổ dữ liệu cho bảng `order`
--

INSERT INTO `order` (`id`, `id_user`, `code_cart`, `status`, `total`, `time`, `ship_address`, `ship_name_user`, `ship_phone_user`, `pttt`) VALUES
(79, 22, '7081', 3, 299000, '0000-00-00 00:00:00', 'hà nội', 'Trần Hoàng Phi', '09866663', 'COD'),
(80, 24, '4646', 2, 499000, '0000-00-00 00:00:00', 'TDP Vĩnh Thịnh', 'admin', '988888887', 'COD'),
(82, 24, '8639', 2, 1497000, '0000-00-00 00:00:00', 'TDP Vĩnh Thịnh', 'admin', '988888887', 'COD'),
(83, 24, '4384', 3, 111110, '0000-00-00 00:00:00', 'eqwrewrewr', 'cúp c1', NULL, 'COD'),
(84, 24, '7294', 1, 22222, '0000-00-00 00:00:00', 'dqewdqw', 'thanhdo vu', NULL, 'COD'),
(85, 24, '6760', 1, 111110, '0000-00-00 00:00:00', 'bxdfgdsgdsg', 'thanhdo vu', NULL, 'COD'),
(86, 24, '7125', 1, 88888, '0000-00-00 00:00:00', 'gdsfgdsgds', 'thanhdo vu', NULL, 'COD'),
(87, 24, '3304', 1, 177776, '0000-00-00 00:00:00', 'gsdgsdgs', 'thanhdo vu', NULL, 'COD'),
(88, 24, '8848', 1, 88888, '0000-00-00 00:00:00', 'qrwerwqe', 'cúp c1', NULL, 'COD'),
(89, 24, '5607', 1, 111110, '0000-00-00 00:00:00', 'gfasgsdgsd', 'thay tu wibu', NULL, 'COD'),
(90, 24, '8366', 1, 133332, '0000-00-00 00:00:00', 'r313232', 'thay tu wibu', '23412323132', 'COD'),
(91, 24, '1663', 3, 222220, '0000-00-00 00:00:00', 'hà nội', 'hoàng', '02273676767', 'COD'),
(92, 24, '3493', 1, 244442, '0000-00-00 00:00:00', 'ưertgert', 'thay tu wibu', '23412323132', 'COD'),
(93, 24, '3061', 1, 22222, '0000-00-00 00:00:00', '', '', '', 'COD'),
(94, 24, '9130', 1, 44444, '0000-00-00 00:00:00', '', '', '', 'COD'),
(95, 24, '8906', 1, 22222, '0000-00-00 00:00:00', 'hà nội ', 'user num', '02273676767', 'COD'),
(96, 24, '3183', 1, 44444, '0000-00-00 00:00:00', 'ffwfe', 'dovtph24172@fpt.edu.vn', 'thanhdo21g', 'COD'),
(97, 24, '9847', 1, 44444, '0000-00-00 00:00:00', 'rưerew', 'dovtph24172@fpt.edu.vn', '0566730000', 'COD'),
(98, 24, '9640', 3, 66666, '0000-00-00 00:00:00', 'vfevgfegr', 'dovtph24172@fpt.edu.vn', '0566730000', 'COD'),
(99, 24, '1119', 3, 22222, '0000-00-00 00:00:00', 'hà nội', 'thành ', '0123456789', 'COD'),
(100, 24, '8585', 2, 22222, '0000-00-00 00:00:00', 'hà nội', 'dương', '0000000000', 'COD');

-- --------------------------------------------------------

--
-- Cấu trúc bảng cho bảng `product`
--

CREATE TABLE `product` (
  `id` int(11) NOT NULL,
  `id_categories` int(11) DEFAULT NULL,
  `product_name` varchar(255) DEFAULT NULL,
  `product_price` varchar(255) DEFAULT NULL,
  `product_price_sale` varchar(255) DEFAULT NULL,
  `description` text DEFAULT NULL,
  `origin` varchar(255) DEFAULT NULL,
  `image` varchar(255) DEFAULT NULL,
  `image2` varchar(255) DEFAULT NULL,
  `image3` varchar(255) DEFAULT NULL,
  `view` int(11) DEFAULT NULL
) ENGINE=InnoDB DEFAULT CHARSET=utf8mb4 COLLATE=utf8mb4_general_ci;

--
-- Đang đổ dữ liệu cho bảng `product`
--

INSERT INTO `product` (`id`, `id_categories`, `product_name`, `product_price`, `product_price_sale`, `description`, `origin`, `image`, `image2`, `image3`, `view`) VALUES
(21, 27, 'Điện thoại iPhone 12 Pro 128GB', '22222', '11111', 'iPhone 12 Pro Max 128 GB một siêu phẩm smartphone đến từ Apple. Máy có một hiệu năng hoàn toàn mạnh mẽ đáp ứng tốt nhiều nhu cầu đến từ người dùng và mang trong mình một thiết kế đầy vuông vức, sang trọng.\r\nThay đổi thiết kế mới sau 6 năm\r\nTheo chu kỳ cứ mỗi 3 năm thì iPhone lại thay đổi thiết kế và 2020 là năm đánh dấu cột mốc quan trong này, vì thế rất có thể đây là thời điểm các mẫu iPhone 12 sẽ có một sự thay đổi mạnh mẽ về thiết kế.\r\n\r\niPhone 12 Pro Max sở hữu diện mạo mới mới với khung viền được vát thẳng và mạnh mẽ như trên iPad Pro 2020, chấm dứt hơn 6 năm với kiểu thiết kế bo cong trên iPhone 6 được ra mắt lần đầu tiên vào năm 2014.', '12345', 'iphone14.jpg', 'iphone14-pro-1.jpg', 'iphone14.jpg', NULL),
(22, 24, 'Điện thoại Samsung Galaxy A04', '22222', '11111', 'Samsung Galaxy A04 một cái tên khá quen của dòng Galaxy A khi sở hữu cho mình một thiết kế đơn giản nhưng rất tinh tế, camera cho ra những bức ảnh sắc nét và một viên pin lớn mang đến trải nghiệm lâu dài.\r\nHiển thị hình ảnh chi tiết\r\nĐiện thoại Samsung Galaxy A04 (3GB/32GB) sở hữu tấm nền IPS LCD, độ phân giải HD+ cùng kích thước 6.5 inch mang đến không gian giải trí thoải mái, phù hợp với các nhu cầu giải trí của đại đa số người dùng.', '12345', 'samsung.jpg', 'samsung-galaxy-flip4-glr-tim-1.jpg', 'samsung.jpg', NULL),
(23, 24, 'Điện thoại Samsung Galaxy A04', '22222', '11111', 'Samsung Galaxy A04 một cái tên khá quen của dòng Galaxy A khi sở hữu cho mình một thiết kế đơn giản nhưng rất tinh tế, camera cho ra những bức ảnh sắc nét và một viên pin lớn mang đến trải nghiệm lâu dài.\r\nHiển thị hình ảnh chi tiết\r\nĐiện thoại Samsung Galaxy A04 (3GB/32GB) sở hữu tấm nền IPS LCD, độ phân giải HD+ cùng kích thước 6.5 inch mang đến không gian giải trí thoải mái, phù hợp với các nhu cầu giải trí của đại đa số người dùng.', '123344', 'lg-v60-thinq-600x600-1-600x600.jpg', 'samsung-galaxy-flip4-glr-tim-1.jpg', 'iphone14.jpg', NULL);

-- --------------------------------------------------------

--
-- Cấu trúc bảng cho bảng `product_rev`
--

CREATE TABLE `product_rev` (
  `id` int(11) NOT NULL,
  `id_user` int(11) DEFAULT NULL,
  `id_product` int(11) DEFAULT NULL,
  `stars` tinyint(4) DEFAULT NULL,
  `comment` varchar(255) NOT NULL,
  `ngay_bl` date NOT NULL
) ENGINE=InnoDB DEFAULT CHARSET=utf8mb4 COLLATE=utf8mb4_general_ci;

--
-- Đang đổ dữ liệu cho bảng `product_rev`
--

INSERT INTO `product_rev` (`id`, `id_user`, `id_product`, `stars`, `comment`, `ngay_bl`) VALUES
(36, 24, 22, 3, 'rất tốt', '2023-08-06');

-- --------------------------------------------------------

--
-- Cấu trúc bảng cho bảng `role`
--

CREATE TABLE `role` (
  `id` int(11) NOT NULL,
  `name` varchar(255) DEFAULT NULL
) ENGINE=InnoDB DEFAULT CHARSET=utf8mb4 COLLATE=utf8mb4_general_ci;

--
-- Đang đổ dữ liệu cho bảng `role`
--

INSERT INTO `role` (`id`, `name`) VALUES
(0, 'Khách hàng'),
(1, 'Quản trị viên');

-- --------------------------------------------------------

--
-- Cấu trúc bảng cho bảng `save`
--

CREATE TABLE `save` (
  `id_user` int(11) DEFAULT NULL,
  `id_voucher` int(11) DEFAULT NULL
) ENGINE=InnoDB DEFAULT CHARSET=utf8mb4 COLLATE=utf8mb4_general_ci;

-- --------------------------------------------------------

--
-- Cấu trúc bảng cho bảng `size`
--

CREATE TABLE `size` (
  `id_size` int(11) NOT NULL,
  `size` varchar(255) DEFAULT NULL
) ENGINE=InnoDB DEFAULT CHARSET=utf8mb4 COLLATE=utf8mb4_general_ci;

--
-- Đang đổ dữ liệu cho bảng `size`
--

INSERT INTO `size` (`id_size`, `size`) VALUES
(1, 'M'),
(2, 'L');

-- --------------------------------------------------------

--
-- Cấu trúc bảng cho bảng `tbl_momo`
--

CREATE TABLE `tbl_momo` (
  `id_momo` int(11) NOT NULL,
  `partner_code` varchar(50) NOT NULL,
  `order_id` varchar(50) NOT NULL,
  `amount` varchar(50) NOT NULL,
  `order_info` varchar(50) NOT NULL,
  `order_type` varchar(50) NOT NULL,
  `trans_id` varchar(50) NOT NULL,
  `pay_type` varchar(50) NOT NULL,
  `code_cart` varchar(50) NOT NULL
) ENGINE=InnoDB DEFAULT CHARSET=utf8mb4 COLLATE=utf8mb4_general_ci;

--
-- Đang đổ dữ liệu cho bảng `tbl_momo`
--

INSERT INTO `tbl_momo` (`id_momo`, `partner_code`, `order_id`, `amount`, `order_info`, `order_type`, `trans_id`, `pay_type`, `code_cart`) VALUES
(3, 'MOMOBKUN20180529', '1644123235', '250000', 'Thanh toán qua ATM', 'momo_wallet', '2642535948', 'napas', '9554'),
(4, 'MOMOBKUN20180529', '1644126570', '250000', 'Thanh toán qua ATM', 'momo_wallet', '2642536202', 'napas', '3872'),
(5, 'MOMOBKUN20180529', '1645004827', '350000', 'Thanh toán qua ATM', 'momo_wallet', '2644029861', 'napas', '1161'),
(6, 'MOMOBKUN20180529', '1669497466', '100000', 'Thanh toán qua ATM', 'momo_wallet', '1669497473355', '', '5277'),
(7, 'MOMOBKUN20180529', '1669531683', '100000', 'Thanh toán qua ATM', 'momo_wallet', '1669531691845', '', '6157'),
(8, 'MOMOBKUN20180529', '1669531929', '100000', 'Thanh toán qua ATM', 'momo_wallet', '1669531935643', '', '2996'),
(9, 'MOMOBKUN20180529', '1669531929', '100000', 'Thanh toán qua ATM', 'momo_wallet', '1669531935643', '', '6112'),
(10, 'MOMOBKUN20180529', '1669531976', '100000', 'Thanh toán qua ATM', 'momo_wallet', '1669531982960', '', '9142'),
(11, 'MOMOBKUN20180529', '1669531976', '100000', 'Thanh toán qua ATM', 'momo_wallet', '1669531982960', '', '8664'),
(12, 'MOMOBKUN20180529', '1669531976', '100000', 'Thanh toán qua ATM', 'momo_wallet', '1669531982960', '', '9386'),
(13, 'MOMOBKUN20180529', '1669531976', '100000', 'Thanh toán qua ATM', 'momo_wallet', '1669531982960', '', '1025'),
(14, 'MOMOBKUN20180529', '1669531976', '100000', 'Thanh toán qua ATM', 'momo_wallet', '1669531982960', '', '8576'),
(15, 'MOMOBKUN20180529', '1669531976', '100000', 'Thanh toán qua ATM', 'momo_wallet', '1669531982960', '', '2705'),
(16, 'MOMOBKUN20180529', '1669531976', '100000', 'Thanh toán qua ATM', 'momo_wallet', '1669531982960', '', '4278'),
(17, 'MOMOBKUN20180529', '1669531976', '100000', 'Thanh toán qua ATM', 'momo_wallet', '1669531982960', '', '3057'),
(18, 'MOMOBKUN20180529', '1669531976', '100000', 'Thanh toán qua ATM', 'momo_wallet', '1669531982960', '', '2496'),
(19, 'MOMOBKUN20180529', '1669531976', '100000', 'Thanh toán qua ATM', 'momo_wallet', '1669531982960', '', '3451'),
(20, 'MOMOBKUN20180529', '1669531976', '100000', 'Thanh toán qua ATM', 'momo_wallet', '1669531982960', '', '6556'),
(21, 'MOMOBKUN20180529', '1669531976', '100000', 'Thanh toán qua ATM', 'momo_wallet', '1669531982960', '', '8153'),
(22, 'MOMOBKUN20180529', '1669531976', '100000', 'Thanh toán qua ATM', 'momo_wallet', '1669531982960', '', '3760'),
(23, 'MOMOBKUN20180529', '1669531976', '100000', 'Thanh toán qua ATM', 'momo_wallet', '1669531982960', '', '8016'),
(24, 'MOMOBKUN20180529', '1669531976', '100000', 'Thanh toán qua ATM', 'momo_wallet', '1669531982960', '', '8432'),
(25, 'MOMOBKUN20180529', '1669531976', '100000', 'Thanh toán qua ATM', 'momo_wallet', '1669531982960', '', '1'),
(26, 'MOMOBKUN20180529', '1669531976', '100000', 'Thanh toán qua ATM', 'momo_wallet', '1669531982960', '', '7046'),
(27, 'MOMOBKUN20180529', '1669531976', '100000', 'Thanh toán qua ATM', 'momo_wallet', '1669531982960', '', '4386'),
(28, 'MOMOBKUN20180529', '1669531976', '100000', 'Thanh toán qua ATM', 'momo_wallet', '1669531982960', '', '8756'),
(29, 'MOMOBKUN20180529', '1669531976', '100000', 'Thanh toán qua ATM', 'momo_wallet', '1669531982960', '', '8358'),
(30, 'MOMOBKUN20180529', '1669531976', '100000', 'Thanh toán qua ATM', 'momo_wallet', '1669531982960', '', '4947'),
(31, 'MOMOBKUN20180529', '1669531976', '100000', 'Thanh toán qua ATM', 'momo_wallet', '1669531982960', '', '4458'),
(32, 'MOMOBKUN20180529', '1669531976', '100000', 'Thanh toán qua ATM', 'momo_wallet', '1669531982960', '', '9355'),
(33, 'MOMOBKUN20180529', '1669531976', '100000', 'Thanh toán qua ATM', 'momo_wallet', '1669531982960', '', '7001'),
(34, 'MOMOBKUN20180529', '1669531976', '100000', 'Thanh toán qua ATM', 'momo_wallet', '1669531982960', '', '2259'),
(35, 'MOMOBKUN20180529', '1669531976', '100000', 'Thanh toán qua ATM', 'momo_wallet', '1669531982960', '', '5520'),
(36, 'MOMOBKUN20180529', '1669531976', '100000', 'Thanh toán qua ATM', 'momo_wallet', '1669531982960', '', '5394'),
(37, 'MOMOBKUN20180529', '1669531976', '100000', 'Thanh toán qua ATM', 'momo_wallet', '1669531982960', '', '5955'),
(38, 'MOMOBKUN20180529', '1669531976', '100000', 'Thanh toán qua ATM', 'momo_wallet', '1669531982960', '', '6284'),
(39, 'MOMOBKUN20180529', '1669531976', '100000', 'Thanh toán qua ATM', 'momo_wallet', '1669531982960', '', '9502'),
(40, 'MOMOBKUN20180529', '1669531976', '100000', 'Thanh toán qua ATM', 'momo_wallet', '1669531982960', '', '3320'),
(41, 'MOMOBKUN20180529', '1669531976', '100000', 'Thanh toán qua ATM', 'momo_wallet', '1669531982960', '', '4871'),
(42, 'MOMOBKUN20180529', '1669531976', '100000', 'Thanh toán qua ATM', 'momo_wallet', '1669531982960', '', '1155'),
(43, 'MOMOBKUN20180529', '1669531976', '100000', 'Thanh toán qua ATM', 'momo_wallet', '1669531982960', '', '5977'),
(44, 'MOMOBKUN20180529', '1669531976', '100000', 'Thanh toán qua ATM', 'momo_wallet', '1669531982960', '', '166'),
(45, 'MOMOBKUN20180529', '1669531976', '100000', 'Thanh toán qua ATM', 'momo_wallet', '1669531982960', '', '1814'),
(46, 'MOMOBKUN20180529', '1669531976', '100000', 'Thanh toán qua ATM', 'momo_wallet', '1669531982960', '', '8802'),
(47, 'MOMOBKUN20180529', '1669531976', '100000', 'Thanh toán qua ATM', 'momo_wallet', '1669531982960', '', '4236'),
(48, 'MOMOBKUN20180529', '1669531976', '100000', 'Thanh toán qua ATM', 'momo_wallet', '1669531982960', '', '2964'),
(49, 'MOMOBKUN20180529', '1669531976', '100000', 'Thanh toán qua ATM', 'momo_wallet', '1669531982960', '', '8865'),
(50, 'MOMOBKUN20180529', '1669542131', '100000', 'Thanh toán qua ATM', 'momo_wallet', '1669542139102', '', '6631'),
(51, 'MOMOBKUN20180529', '1669542131', '100000', 'Thanh toán qua ATM', 'momo_wallet', '1669542139102', '', '5266'),
(52, 'MOMOBKUN20180529', '1669542131', '100000', 'Thanh toán qua ATM', 'momo_wallet', '1669542139102', '', '7177'),
(53, 'MOMOBKUN20180529', '1669577809', '100000', 'Thanh toán qua ATM', 'momo_wallet', '1669577816588', '', '9953'),
(54, 'MOMOBKUN20180529', '1669577809', '100000', 'Thanh toán qua ATM', 'momo_wallet', '1669577816588', '', '8859'),
(55, 'MOMOBKUN20180529', '1669577809', '100000', 'Thanh toán qua ATM', 'momo_wallet', '1669577816588', '', '4677'),
(56, 'MOMOBKUN20180529', '1669581957', '100000', 'Thanh toán qua ATM', 'momo_wallet', '1669581962458', '', '926'),
(57, 'MOMOBKUN20180529', '1669582480', '100000', 'Thanh toán qua ATM', 'momo_wallet', '1669582485453', '', '8139'),
(58, 'MOMOBKUN20180529', '1669582480', '100000', 'Thanh toán qua ATM', 'momo_wallet', '1669582485453', '', '61'),
(59, 'MOMOBKUN20180529', '1669582480', '100000', 'Thanh toán qua ATM', 'momo_wallet', '1669582485453', '', '7363'),
(60, 'MOMOBKUN20180529', '1669582480', '100000', 'Thanh toán qua ATM', 'momo_wallet', '1669582485453', '', '2028'),
(61, 'MOMOBKUN20180529', '1669582480', '100000', 'Thanh toán qua ATM', 'momo_wallet', '1669582485453', '', '2508'),
(62, 'MOMOBKUN20180529', '1669582480', '100000', 'Thanh toán qua ATM', 'momo_wallet', '1669582485453', '', '9333'),
(63, 'MOMOBKUN20180529', '1669582480', '100000', 'Thanh toán qua ATM', 'momo_wallet', '1669582485453', '', '4608'),
(64, 'MOMOBKUN20180529', '1669582480', '100000', 'Thanh toán qua ATM', 'momo_wallet', '1669582485453', '', '2450'),
(65, 'MOMOBKUN20180529', '1669582480', '100000', 'Thanh toán qua ATM', 'momo_wallet', '1669582485453', '', '2661'),
(66, 'MOMOBKUN20180529', '1669582480', '100000', 'Thanh toán qua ATM', 'momo_wallet', '1669582485453', '', '8927'),
(67, 'MOMOBKUN20180529', '1669583106', '100000', 'Thanh toán qua ATM', 'momo_wallet', '1669583110436', '', '8511'),
(68, 'MOMOBKUN20180529', '1669583106', '100000', 'Thanh toán qua ATM', 'momo_wallet', '1669583110436', '', '3092'),
(69, 'MOMOBKUN20180529', '1669588064', '12000', 'Thanh toán qua ATM', 'momo_wallet', '1669588074513', '', '3026'),
(70, 'MOMOBKUN20180529', '1669599048', '12000', 'Thanh toán qua ATM', 'momo_wallet', '2802366092', 'qr', '3619'),
(71, 'MOMOBKUN20180529', '1669599948', '12000', 'Thanh toán qua ATM', 'momo_wallet', '2802366173', 'qr', '4979'),
(72, 'MOMOBKUN20180529', '1669600849', '12000', 'Thanh toán qua momo', 'momo_wallet', '2802366433', 'qr', '8944'),
(73, 'MOMOBKUN20180529', '1669735327', '3000', 'Thanh toán qua momo', 'momo_wallet', '2804505063', 'qr', '2344'),
(74, 'MOMOBKUN20180529', '1669830018', '6000', 'Thanh toán qua momo', 'momo_wallet', '2805460629', 'qr', '4150'),
(75, 'MOMOBKUN20180529', '1669976127', '12000', 'Thanh toán qua momo', 'momo_wallet', '2807102145', 'qr', '6463'),
(76, 'MOMOBKUN20180529', '1670075007', '38000', 'Thanh toán qua momo', 'momo_wallet', '2807612213', 'qr', '5390'),
(77, 'MOMOBKUN20180529', '1670075007', '38000', 'Thanh toán qua momo', 'momo_wallet', '2807612213', 'qr', '1433'),
(78, 'MOMOBKUN20180529', '1670075612', '39000', 'Thanh toán qua momo', 'momo_wallet', '2807612329', 'qr', '5020'),
(79, 'MOMOBKUN20180529', '1670075723', '11000', 'Thanh toán qua momo', 'momo_wallet', '2807612358', 'qr', '4097'),
(80, 'MOMOBKUN20180529', '1670075808', '11000', 'Thanh toán qua momo', 'momo_wallet', '1670075813505', '', '203'),
(81, 'MOMOBKUN20180529', '1670075911', '11000', 'Thanh toán qua momo', 'momo_wallet', '1670075916023', '', '3746'),
(82, 'MOMOBKUN20180529', '1670077142', '10000', 'Thanh toán qua momo', 'momo_wallet', '1670077154383', '', '7454'),
(83, 'MOMOBKUN20180529', '1670077736', '17000', 'Thanh toán qua momo', 'momo_wallet', '1670077740703', '', '3356'),
(84, 'MOMOBKUN20180529', '1670077736', '17000', 'Thanh toán qua momo', 'momo_wallet', '1670077740703', '', '7429'),
(85, 'MOMOBKUN20180529', '1670077736', '17000', 'Thanh toán qua momo', 'momo_wallet', '1670077740703', '', '873'),
(86, 'MOMOBKUN20180529', '1670077736', '17000', 'Thanh toán qua momo', 'momo_wallet', '1670077740703', '', '3272'),
(87, 'MOMOBKUN20180529', '1670086310', '13000', 'Thanh toán qua momo', 'momo_wallet', '1670086314847', '', '6230'),
(88, 'MOMOBKUN20180529', '1670086310', '13000', 'Thanh toán qua momo', 'momo_wallet', '1670086314847', '', '5142'),
(89, 'MOMOBKUN20180529', '1670086339', '13000', 'Thanh toán qua momo', 'momo_wallet', '1670086343706', '', '7407'),
(90, 'MOMOBKUN20180529', '1670086424', '14000', 'Thanh toán qua momo', 'momo_wallet', '1670086432600', '', '2337'),
(91, 'MOMOBKUN20180529', '1670086588', '15000', 'Thanh toán qua momo', 'momo_wallet', '1670086593923', '', '2421'),
(92, 'MOMOBKUN20180529', '1670086679', '16000', 'Thanh toán qua momo', 'momo_wallet', '2807614794', 'qr', '153'),
(93, 'MOMOBKUN20180529', '1670087041', '16000', 'Thanh toán qua momo', 'momo_wallet', '1670087045871', '', '2912'),
(94, 'MOMOBKUN20180529', '1670097115', '11000', 'Thanh toán qua momo', 'momo_wallet', '1670097129120', '', '1714'),
(95, 'MOMOBKUN20180529', '1670097115', '11000', 'Thanh toán qua momo', 'momo_wallet', '1670097129120', '', '413'),
(96, 'MOMOBKUN20180529', '1670097185', '11000', 'Thanh toán qua momo', 'momo_wallet', '2807617050', 'qr', '5201'),
(97, 'MOMOBKUN20180529', '1670097185', '11000', 'Thanh toán qua momo', 'momo_wallet', '2807617050', 'qr', '9916'),
(98, 'MOMOBKUN20180529', '1670097335', '12000', 'Thanh toán qua momo', 'momo_wallet', '1670097340451', '', '6218'),
(99, 'MOMOBKUN20180529', '1670097335', '12000', 'Thanh toán qua momo', 'momo_wallet', '1670097340451', '', '7651'),
(100, 'MOMOBKUN20180529', '1670097384', '10000', 'Thanh toán qua momo', 'momo_wallet', '1670097389177', '', '209'),
(101, 'MOMOBKUN20180529', '1670114983', '13000', 'Thanh toán qua momo', 'momo_wallet', '2807640799', 'qr', '367'),
(102, 'MOMOBKUN20180529', '1670115140', '17000', 'Thanh toán qua momo', 'momo_wallet', '1670115146296', '', '9162'),
(103, 'MOMOBKUN20180529', '1670118519', '18000', 'Thanh toán qua momo', 'momo_wallet', '1670118542977', '', '501'),
(104, 'MOMOBKUN20180529', '1670146603', '13000', 'Thanh toán qua momo', 'momo_wallet', '1670146611317', '', '9552'),
(105, 'MOMOBKUN20180529', '1670163038', '103000', 'Thanh toán qua momo', 'momo_wallet', '1670163348621', '', '9266'),
(106, 'MOMOBKUN20180529', '1670179764', '200000', 'Thanh toán qua momo', 'momo_wallet', '2807744884', 'qr', '6982'),
(107, 'MOMOBKUN20180529', '1670190155', '100000', 'Thanh toán qua momo', 'momo_wallet', '2807774615', 'qr', '3486'),
(108, 'MOMOBKUN20180529', '1670191021', '300000', 'Thanh toán qua momo', 'momo_wallet', '1670191030483', '', '2263'),
(109, 'MOMOBKUN20180529', '1670191021', '300000', 'Thanh toán qua momo', 'momo_wallet', '1670191030483', '', '4691'),
(110, 'MOMOBKUN20180529', '1670194245', '400000', 'Thanh toán qua momo', 'momo_wallet', '2807779153', 'qr', '2402'),
(111, 'MOMOBKUN20180529', '1670206108', '499000', 'Thanh toán qua momo', 'momo_wallet', '1670206199657', '', '3914'),
(112, 'MOMOBKUN20180529', '1670376478', '799000', 'Thanh toán qua momo', 'momo_wallet', '2808967131', 'qr', '7478'),
(113, 'MOMOBKUN20180529', '1670376478', '799000', 'Thanh toán qua momo', 'momo_wallet', '2808967131', 'qr', '2963'),
(114, 'MOMOBKUN20180529', '1670376478', '799000', 'Thanh toán qua momo', 'momo_wallet', '2808967131', 'qr', '7349'),
(115, 'MOMOBKUN20180529', '1690894484', '299000', 'Thanh toán qua momo', 'momo_wallet', '1690894510528', '', '4288');

-- --------------------------------------------------------

--
-- Cấu trúc bảng cho bảng `user`
--

CREATE TABLE `user` (
  `id` int(11) NOT NULL,
  `user_name` varchar(255) DEFAULT NULL,
  `full_name` varchar(255) DEFAULT NULL,
  `email` varchar(255) DEFAULT NULL,
  `phone` varchar(12) DEFAULT NULL,
  `address` varchar(255) DEFAULT NULL,
  `role` int(11) DEFAULT NULL,
  `password` varchar(199) NOT NULL
) ENGINE=InnoDB DEFAULT CHARSET=utf8mb4 COLLATE=utf8mb4_general_ci;

--
-- Đang đổ dữ liệu cho bảng `user`
--

INSERT INTO `user` (`id`, `user_name`, `full_name`, `email`, `phone`, `address`, `role`, `password`) VALUES
(22, 'Phi 2', 'Trần Hoàng Phi', 'phithph22381@fpt.edu.vn', '09866663', 'hà nội', 0, 'vip'),
(24, 'admin', 'admin', 'admin@gmail.com', '988888887', 'TDP Vĩnh Thịnh', 1, 'admin'),
(25, 'user', 'user', 'user@gmail.com', '8983437', 'ha noi', 0, 'user');

-- --------------------------------------------------------

--
-- Cấu trúc bảng cho bảng `voucher`
--

CREATE TABLE `voucher` (
  `id` int(11) NOT NULL,
  `quanlity` varchar(255) DEFAULT NULL,
  `content` varchar(255) DEFAULT NULL,
  `discount` int(11) DEFAULT NULL
) ENGINE=InnoDB DEFAULT CHARSET=utf8mb4 COLLATE=utf8mb4_general_ci;

--
-- Chỉ mục cho các bảng đã đổ
--

--
-- Chỉ mục cho bảng `categories`
--
ALTER TABLE `categories`
  ADD PRIMARY KEY (`id`);

--
-- Chỉ mục cho bảng `color`
--
ALTER TABLE `color`
  ADD PRIMARY KEY (`id_color`);

--
-- Chỉ mục cho bảng `detail_order`
--
ALTER TABLE `detail_order`
  ADD PRIMARY KEY (`id`);

--
-- Chỉ mục cho bảng `order`
--
ALTER TABLE `order`
  ADD PRIMARY KEY (`id`);

--
-- Chỉ mục cho bảng `product`
--
ALTER TABLE `product`
  ADD PRIMARY KEY (`id`);

--
-- Chỉ mục cho bảng `product_rev`
--
ALTER TABLE `product_rev`
  ADD PRIMARY KEY (`id`);

--
-- Chỉ mục cho bảng `role`
--
ALTER TABLE `role`
  ADD PRIMARY KEY (`id`);

--
-- Chỉ mục cho bảng `size`
--
ALTER TABLE `size`
  ADD PRIMARY KEY (`id_size`);

--
-- Chỉ mục cho bảng `tbl_momo`
--
ALTER TABLE `tbl_momo`
  ADD PRIMARY KEY (`id_momo`);

--
-- Chỉ mục cho bảng `user`
--
ALTER TABLE `user`
  ADD PRIMARY KEY (`id`);

--
-- Chỉ mục cho bảng `voucher`
--
ALTER TABLE `voucher`
  ADD PRIMARY KEY (`id`);

--
-- AUTO_INCREMENT cho các bảng đã đổ
--

--
-- AUTO_INCREMENT cho bảng `categories`
--
ALTER TABLE `categories`
  MODIFY `id` int(11) NOT NULL AUTO_INCREMENT, AUTO_INCREMENT=29;

--
-- AUTO_INCREMENT cho bảng `color`
--
ALTER TABLE `color`
  MODIFY `id_color` int(11) NOT NULL AUTO_INCREMENT, AUTO_INCREMENT=3;

--
-- AUTO_INCREMENT cho bảng `detail_order`
--
ALTER TABLE `detail_order`
  MODIFY `id` int(11) NOT NULL AUTO_INCREMENT, AUTO_INCREMENT=100;

--
-- AUTO_INCREMENT cho bảng `order`
--
ALTER TABLE `order`
  MODIFY `id` int(11) NOT NULL AUTO_INCREMENT, AUTO_INCREMENT=101;

--
-- AUTO_INCREMENT cho bảng `product`
--
ALTER TABLE `product`
  MODIFY `id` int(11) NOT NULL AUTO_INCREMENT, AUTO_INCREMENT=24;

--
-- AUTO_INCREMENT cho bảng `product_rev`
--
ALTER TABLE `product_rev`
  MODIFY `id` int(11) NOT NULL AUTO_INCREMENT, AUTO_INCREMENT=37;

--
-- AUTO_INCREMENT cho bảng `role`
--
ALTER TABLE `role`
  MODIFY `id` int(11) NOT NULL AUTO_INCREMENT, AUTO_INCREMENT=5;

--
-- AUTO_INCREMENT cho bảng `size`
--
ALTER TABLE `size`
  MODIFY `id_size` int(11) NOT NULL AUTO_INCREMENT, AUTO_INCREMENT=3;

--
-- AUTO_INCREMENT cho bảng `tbl_momo`
--
ALTER TABLE `tbl_momo`
  MODIFY `id_momo` int(11) NOT NULL AUTO_INCREMENT, AUTO_INCREMENT=116;

--
-- AUTO_INCREMENT cho bảng `user`
--
ALTER TABLE `user`
  MODIFY `id` int(11) NOT NULL AUTO_INCREMENT, AUTO_INCREMENT=30;

--
-- AUTO_INCREMENT cho bảng `voucher`
--
ALTER TABLE `voucher`
  MODIFY `id` int(11) NOT NULL AUTO_INCREMENT;
COMMIT;

/*!40101 SET CHARACTER_SET_CLIENT=@OLD_CHARACTER_SET_CLIENT */;
/*!40101 SET CHARACTER_SET_RESULTS=@OLD_CHARACTER_SET_RESULTS */;
/*!40101 SET COLLATION_CONNECTION=@OLD_COLLATION_CONNECTION */;
